{"chunk_definitions":[{"row":38,"row_count":1,"visible":true,"expansion_state":0,"options":{"engine":"r","label":"unnamed-chunk-2"},"document_id":"A7439AE3","chunk_id":"c8fta1m15emkn","chunk_label":"unnamed-chunk-1"},{"row":49,"row_count":1,"visible":true,"expansion_state":0,"options":{"engine":"r","label":"unnamed-chunk-3"},"document_id":"A7439AE3","chunk_id":"chhe2qx9hheyq","chunk_label":"unnamed-chunk-2"},{"row":69,"row_count":1,"visible":true,"expansion_state":0,"options":{"engine":"r","fig.align":"center","label":"unnamed-chunk-1"},"document_id":"A7439AE3","chunk_id":"cei0v0qucmyce","chunk_label":"unnamed-chunk-3"}],"doc_write_time":1622213910}